task_id,department,asset_type,section_id,from_km,to_km,defect_type,severity,priority_score,due_date,estimated_duration_minutes,crew_type_required,machine_required,status
TSK-2026-0001,S&T,other,SEC_C04_06,45.56,46.88,level_crossing_boom_sensor_error,low,73,2026-09-10,105,ST_gang,False,in_progress
TSK-2026-0002,Engineering,track_segment,SEC_C04_01,10.54,11.57,sleeper_renewal_needed,low,37,2026-09-07,195,track_gang,True,open
TSK-2026-0003,S&T,cable,SEC_C01_07,25.85,26.59,telecom_OFC_attenuation_high,medium,41,2026-09-19,105,ST_gang,False,open
TSK-2026-0004,Engineering,track_segment,SEC_C01_06,30.65,31.94,USFD_flaw_detected,low,81,2026-10-05,150,track_gang,False,open
TSK-2026-0005,S&T,point_machine,SEC_C01_05,6.44,7.5,point_machine_failure,high,100,2026-09-28,75,ST_gang,False,completed
TSK-2026-0006,Traction,OHE_span,SEC_C01_02,2.34,3.55,contact_wire_height_irregularity,high,68,2026-09-10,120,tower_wagon_crew,True,open
TSK-2026-0007,Engineering,track_segment,SEC_C04_01,16.61,17.05,weld_defect,low,57,2026-09-11,75,track_gang,True,open
TSK-2026-0008,S&T,cable,SEC_C03_01,29.57,29.89,telecom_OFC_attenuation_high,medium,40,2026-09-24,120,ST_gang,False,open
TSK-2026-0009,Traction,other,SEC_C03_02,7.47,8.11,transformer_bushing_hotspot,medium,88,2026-09-12,135,OHE_gang,False,open
TSK-2026-0010,Engineering,track_segment,SEC_C02_10,0.96,2.27,USFD_flaw_detected,medium,95,2026-10-08,135,track_gang,False,open
TSK-2026-0011,S&T,signal,SEC_C03_05,13.07,13.44,signal_aspect_bulb_blown,high,100,2026-09-19,30,ST_gang,False,open
TSK-2026-0012,Engineering,track_segment,SEC_C01_03,7.86,8.99,sleeper_renewal_needed,critical,89,2026-09-13,180,track_gang,True,open
TSK-2026-0013,S&T,cable,SEC_C02_10,47.75,48.21,signalling_cable_damaged,low,57,2026-09-24,135,ST_gang,False,in_progress
TSK-2026-0014,S&T,cable,SEC_C01_05,4.06,5.51,telecom_OFC_attenuation_high,low,25,2026-10-12,105,ST_gang,False,in_progress
TSK-2026-0015,Engineering,track_segment,SEC_C01_01,8.17,8.44,USFD_flaw_detected,high,100,2026-09-13,135,track_gang,False,in_progress
TSK-2026-0016,Engineering,track_segment,SEC_C04_07,1.28,2.62,ballast_deficiency,medium,59,2026-09-08,150,tamping_machine_crew,True,open
TSK-2026-0017,S&T,signal,SEC_C04_03,3.41,3.57,interlocking_relay_chattering,critical,100,2026-08-25,90,ST_gang,False,completed
TSK-2026-0018,Engineering,track_segment,SEC_C04_03,15.12,16.24,joint_defect,low,35,2026-09-02,75,track_gang,False,open
TSK-2026-0019,Engineering,track_segment,SEC_C02_06,21.65,23.08,joint_defect,low,26,2026-09-26,75,track_gang,False,open
TSK-2026-0020,Engineering,track_segment,SEC_C02_05,34.0,35.43,turnout_wear,low,53,2026-10-05,105,track_gang,False,open
TSK-2026-0021,Engineering,track_segment,SEC_C02_08,17.61,18.81,joint_defect,high,68,2026-09-10,60,track_gang,False,in_progress
TSK-2026-0022,Engineering,track_segment,SEC_C01_01,8.54,10.02,track_geometry_defect,low,58,2026-09-09,135,tamping_machine_crew,True,open
TSK-2026-0023,Engineering,track_segment,SEC_C02_08,10.69,10.81,joint_defect,high,62,2026-10-01,45,track_gang,False,open
TSK-2026-0024,Traction,OHE_span,SEC_C01_07,22.29,22.7,mast_bonding_missing,medium,40,2026-09-14,30,OHE_gang,False,open
TSK-2026-0025,Engineering,track_segment,SEC_C04_02,20.02,20.27,sleeper_renewal_needed,medium,62,2026-08-20,180,track_gang,True,open
TSK-2026-0026,Engineering,track_segment,SEC_C03_03,13.95,14.89,turnout_wear,high,95,2026-09-18,105,track_gang,False,in_progress
TSK-2026-0027,S&T,signal,SEC_C04_04,17.75,18.17,signal_aspect_bulb_blown,high,100,2026-09-08,60,ST_gang,False,open
TSK-2026-0028,Traction,OHE_span,SEC_C02_02,9.7,10.46,mast_bonding_missing,critical,61,2026-08-21,60,OHE_gang,False,in_progress
TSK-2026-0029,S&T,point_machine,SEC_C03_04,15.04,15.72,point_machine_failure,low,78,2026-10-08,105,ST_gang,False,open
TSK-2026-0030,Traction,OHE_span,SEC_C01_07,28.36,28.76,mast_bonding_missing,medium,33,2026-09-26,60,OHE_gang,False,in_progress
TSK-2026-0031,Engineering,track_segment,SEC_C02_07,16.48,17.76,turnout_wear,low,61,2026-10-05,135,track_gang,False,open
TSK-2026-0032,Engineering,track_segment,SEC_C03_02,32.75,33.34,turnout_wear,high,89,2026-09-13,105,track_gang,False,open
TSK-2026-0033,Engineering,track_segment,SEC_C02_06,18.44,19.18,cess_repair,high,44,2026-10-09,75,track_gang,False,completed
TSK-2026-0034,S&T,signal,SEC_C02_03,46.67,46.84,axle_counter_reset_fault,critical,100,2026-09-30,90,ST_gang,False,open
TSK-2026-0035,Engineering,track_segment,SEC_C01_08,12.93,13.19,cess_repair,medium,34,2026-09-11,120,track_gang,False,open
TSK-2026-0036,S&T,point_machine,SEC_C01_01,6.43,7.85,point_machine_failure,medium,96,2026-09-08,120,ST_gang,False,open
TSK-2026-0037,Engineering,track_segment,SEC_C02_07,10.41,11.68,USFD_flaw_detected,medium,96,2026-09-07,150,track_gang,False,open
TSK-2026-0038,S&T,cable,SEC_C04_04,22.4,23.49,signalling_cable_damaged,medium,71,2026-09-12,150,ST_gang,False,open
TSK-2026-0039,S&T,cable,SEC_C01_06,15.96,16.21,signalling_cable_damaged,medium,76,2026-09-13,135,ST_gang,False,in_progress
TSK-2026-0040,Engineering,track_segment,SEC_C01_05,13.42,13.68,track_geometry_defect,medium,75,2026-09-09,150,tamping_machine_crew,True,open
TSK-2026-0041,Engineering,track_segment,SEC_C02_02,10.69,11.71,track_geometry_defect,high,95,2026-09-14,165,tamping_machine_crew,True,open
TSK-2026-0042,S&T,cable,SEC_C02_02,6.39,7.15,signalling_cable_damaged,medium,74,2026-09-12,135,ST_gang,False,open
TSK-2026-0043,Traction,OHE_span,SEC_C01_04,17.79,18.29,OHE_catenary_wear,medium,79,2026-10-01,105,tower_wagon_crew,True,open
TSK-2026-0044,Traction,OHE_span,SEC_C03_03,21.86,22.66,cantilever_misalignment,low,39,2026-08-28,75,tower_wagon_crew,True,completed
TSK-2026-0045,Traction,OHE_span,SEC_C01_03,3.65,4.36,dropper_wire_broken,medium,78,2026-09-26,75,OHE_gang,False,open
TSK-2026-0046,Engineering,track_segment,SEC_C01_04,37.51,38.52,joint_defect,critical,76,2026-09-13,60,track_gang,False,open
TSK-2026-0047,Engineering,track_segment,SEC_C03_05,18.31,19.33,track_geometry_defect,medium,72,2026-09-08,180,tamping_machine_crew,True,open
TSK-2026-0048,Traction,OHE_span,SEC_C02_01,10.35,11.61,mast_bonding_missing,medium,40,2026-09-17,75,OHE_gang,False,open
TSK-2026-0049,Traction,OHE_span,SEC_C03_06,16.16,17.59,OHE_catenary_wear,high,100,2026-08-22,135,tower_wagon_crew,True,open
TSK-2026-0050,S&T,signal,SEC_C01_03,8.91,10.24,track_circuit_glitch,medium,89,2026-09-09,60,ST_gang,False,open
TSK-2026-0051,S&T,point_machine,SEC_C04_03,9.57,10.68,point_machine_failure,low,81,2026-09-14,90,ST_gang,False,open
TSK-2026-0052,Engineering,track_segment,SEC_C02_05,13.23,14.66,sleeper_renewal_needed,low,42,2026-10-09,210,track_gang,True,open
TSK-2026-0053,S&T,signal,SEC_C02_01,13.33,13.5,signal_aspect_bulb_blown,medium,90,2026-09-08,30,ST_gang,False,open
TSK-2026-0054,Engineering,track_segment,SEC_C02_10,26.07,26.89,track_geometry_defect,low,51,2026-09-22,165,tamping_machine_crew,True,in_progress
TSK-2026-0055,S&T,other,SEC_C01_04,19.09,19.71,level_crossing_boom_sensor_error,high,100,2026-09-07,60,ST_gang,False,open
TSK-2026-0056,S&T,cable,SEC_C02_02,2.34,2.84,signalling_cable_damaged,low,52,2026-09-30,105,ST_gang,False,open
TSK-2026-0057,S&T,point_machine,SEC_C02_09,10.27,10.58,point_machine_failure,low,81,2026-09-08,90,ST_gang,False,in_progress
TSK-2026-0058,Engineering,track_segment,SEC_C02_08,7.76,8.97,rail_fracture,medium,91,2026-09-30,105,track_gang,True,open
TSK-2026-0059,Traction,OHE_span,SEC_C02_02,4.4,4.5,cantilever_misalignment,high,76,2026-09-08,105,tower_wagon_crew,True,open
TSK-2026-0060,Engineering,track_segment,SEC_C01_02,16.12,16.88,cess_repair,medium,30,2026-09-07,75,track_gang,False,open
TSK-2026-0061,Engineering,track_segment,SEC_C03_04,3.39,3.98,weld_defect,high,100,2026-09-01,120,track_gang,True,completed
TSK-2026-0062,Traction,OHE_span,SEC_C01_05,18.62,20.04,dropper_wire_broken,critical,100,2026-08-24,75,OHE_gang,False,completed
TSK-2026-0063,S&T,other,SEC_C04_07,8.43,9.58,level_crossing_boom_sensor_error,high,100,2026-09-16,90,ST_gang,False,in_progress
TSK-2026-0064,Engineering,track_segment,SEC_C04_04,34.48,35.62,joint_defect,low,31,2026-09-09,90,track_gang,False,open
TSK-2026-0065,Engineering,track_segment,SEC_C02_10,46.09,47.21,cess_repair,critical,64,2026-09-20,105,track_gang,False,open
TSK-2026-0066,Engineering,track_segment,SEC_C03_01,13.65,14.59,joint_defect,medium,52,2026-09-07,75,track_gang,False,in_progress
TSK-2026-0067,Traction,OHE_span,SEC_C02_10,36.89,38.1,bird_nest_hazard_OHE,critical,80,2026-09-26,45,OHE_gang,False,open
TSK-2026-0068,S&T,signal,SEC_C04_05,1.78,1.97,axle_counter_reset_fault,medium,80,2026-09-07,90,ST_gang,False,open
TSK-2026-0069,S&T,cable,SEC_C04_05,28.58,29.48,signalling_cable_damaged,medium,76,2026-09-11,105,ST_gang,False,open
TSK-2026-0070,Engineering,track_segment,SEC_C04_08,20.33,21.71,track_geometry_defect,critical,100,2026-09-21,165,tamping_machine_crew,True,completed
TSK-2026-0071,Traction,other,SEC_C02_05,4.74,6.03,transformer_bushing_hotspot,medium,92,2026-10-10,135,OHE_gang,False,open
TSK-2026-0072,Traction,OHE_span,SEC_C03_01,38.74,40.03,isolator_contact_burnt,medium,98,2026-08-29,75,OHE_gang,False,open
TSK-2026-0073,S&T,signal,SEC_C02_08,14.17,14.31,axle_counter_reset_fault,medium,80,2026-09-09,45,ST_gang,False,open
TSK-2026-0074,Engineering,track_segment,SEC_C04_07,16.95,18.13,USFD_flaw_detected,low,76,2026-08-28,150,track_gang,False,open
TSK-2026-0075,Traction,OHE_span,SEC_C02_01,13.41,14.6,mast_bonding_missing,medium,32,2026-09-19,30,OHE_gang,False,open
TSK-2026-0076,S&T,signal,SEC_C03_02,6.26,6.81,axle_counter_reset_fault,medium,80,2026-10-01,45,ST_gang,False,completed
TSK-2026-0077,Engineering,track_segment,SEC_C02_10,7.62,8.14,cess_repair,medium,33,2026-10-03,90,track_gang,False,completed
TSK-2026-0078,Engineering,track_segment,SEC_C01_03,10.98,11.12,joint_defect,critical,85,2026-09-23,90,track_gang,False,open
TSK-2026-0079,Traction,OHE_span,SEC_C04_08,34.55,35.41,OHE_catenary_wear,medium,82,2026-09-13,105,tower_wagon_crew,True,open
TSK-2026-0080,Traction,OHE_span,SEC_C04_05,15.79,16.54,dropper_wire_broken,high,87,2026-09-12,75,OHE_gang,False,in_progress
TSK-2026-0081,S&T,signal,SEC_C03_06,26.61,26.86,axle_counter_reset_fault,high,91,2026-09-10,45,ST_gang,False,open
TSK-2026-0082,Engineering,track_segment,SEC_C04_03,6.68,7.99,USFD_flaw_detected,high,100,2026-10-08,120,track_gang,False,open
TSK-2026-0083,Traction,other,SEC_C04_08,34.17,34.97,transformer_bushing_hotspot,critical,100,2026-09-10,135,OHE_gang,False,open
TSK-2026-0084,Engineering,track_segment,SEC_C04_08,23.38,24.66,turnout_wear,medium,76,2026-09-08,135,track_gang,False,open
TSK-2026-0085,S&T,other,SEC_C03_06,2.79,2.96,level_crossing_boom_sensor_error,medium,95,2026-09-08,105,ST_gang,False,open
TSK-2026-0086,S&T,signal,SEC_C01_08,5.13,5.37,interlocking_relay_chattering,high,94,2026-09-12,90,ST_gang,False,in_progress
TSK-2026-0087,Traction,OHE_span,SEC_C01_03,1.08,1.37,bird_nest_hazard_OHE,high,62,2026-09-09,45,OHE_gang,False,open
TSK-2026-0088,Engineering,track_segment,SEC_C02_03,24.55,25.51,joint_defect,low,34,2026-09-14,75,track_gang,False,open
TSK-2026-0089,Traction,OHE_span,SEC_C03_06,17.29,17.54,OHE_catenary_wear,medium,82,2026-10-08,105,tower_wagon_crew,True,in_progress
TSK-2026-0090,Traction,OHE_span,SEC_C02_07,14.78,15.7,contact_wire_height_irregularity,high,73,2026-10-09,120,tower_wagon_crew,True,in_progress
TSK-2026-0091,S&T,signal,SEC_C01_03,7.77,8.85,signal_aspect_bulb_blown,high,100,2026-09-09,45,ST_gang,False,open
TSK-2026-0092,Traction,other,SEC_C01_04,33.6,34.43,transformer_bushing_hotspot,medium,95,2026-09-13,120,OHE_gang,False,open
TSK-2026-0093,Traction,OHE_span,SEC_C03_05,39.29,40.6,mast_bonding_missing,medium,34,2026-09-21,60,OHE_gang,False,completed
TSK-2026-0094,Traction,OHE_span,SEC_C03_02,27.49,28.58,cantilever_misalignment,medium,59,2026-09-12,105,tower_wagon_crew,True,open
TSK-2026-0095,Engineering,track_segment,SEC_C04_01,23.79,24.44,cess_repair,high,42,2026-09-11,75,track_gang,False,completed
TSK-2026-0096,Engineering,track_segment,SEC_C02_09,34.35,34.75,sleeper_renewal_needed,low,39,2026-10-07,165,track_gang,True,open
TSK-2026-0097,Traction,OHE_span,SEC_C02_08,1.38,2.75,cantilever_misalignment,high,70,2026-08-31,120,tower_wagon_crew,True,open
TSK-2026-0098,Engineering,track_segment,SEC_C01_01,28.47,29.94,track_geometry_defect,high,95,2026-09-30,150,tamping_machine_crew,True,open
TSK-2026-0099,S&T,signal,SEC_C03_03,10.58,10.76,interlocking_relay_chattering,medium,84,2026-09-07,90,ST_gang,False,completed
TSK-2026-0100,Traction,OHE_span,SEC_C01_03,13.16,13.82,dropper_wire_broken,medium,74,2026-09-15,45,OHE_gang,False,open
TSK-2026-0101,S&T,cable,SEC_C03_01,19.99,20.99,signalling_cable_damaged,medium,72,2026-09-29,105,ST_gang,False,open
TSK-2026-0102,Engineering,track_segment,SEC_C02_09,33.05,33.17,sleeper_renewal_needed,high,74,2026-09-10,210,track_gang,True,open
TSK-2026-0103,S&T,cable,SEC_C01_06,14.69,14.92,signalling_cable_damaged,low,57,2026-09-10,150,ST_gang,False,open
TSK-2026-0104,Engineering,track_segment,SEC_C03_04,7.05,8.16,turnout_wear,critical,100,2026-09-10,105,track_gang,False,open
TSK-2026-0105,Traction,OHE_span,SEC_C04_02,31.92,33.31,dropper_wire_broken,low,54,2026-10-05,75,OHE_gang,False,completed
TSK-2026-0106,Engineering,track_segment,SEC_C02_07,19.46,20.23,ballast_deficiency,medium,59,2026-09-14,120,tamping_machine_crew,True,in_progress
TSK-2026-0107,S&T,signal,SEC_C04_05,19.94,20.55,track_circuit_glitch,low,61,2026-09-04,60,ST_gang,False,completed
TSK-2026-0108,Traction,OHE_span,SEC_C02_03,20.58,21.41,dropper_wire_broken,critical,100,2026-09-30,90,OHE_gang,False,open
TSK-2026-0109,S&T,cable,SEC_C02_01,8.04,8.78,telecom_OFC_attenuation_high,critical,72,2026-09-24,120,ST_gang,False,in_progress
TSK-2026-0110,Engineering,track_segment,SEC_C02_06,28.09,28.25,rail_fracture,high,100,2026-09-07,105,track_gang,True,completed
TSK-2026-0111,S&T,cable,SEC_C01_03,4.15,4.5,telecom_OFC_attenuation_high,high,60,2026-10-05,105,ST_gang,False,completed
TSK-2026-0112,S&T,other,SEC_C04_05,32.5,33.87,level_crossing_boom_sensor_error,high,100,2026-10-12,90,ST_gang,False,open
TSK-2026-0113,Engineering,track_segment,SEC_C04_02,24.72,25.84,cess_repair,high,40,2026-09-24,120,track_gang,False,open
TSK-2026-0114,Traction,OHE_span,SEC_C02_08,8.47,8.79,cantilever_misalignment,high,68,2026-08-31,75,tower_wagon_crew,True,open
TSK-2026-0115,Engineering,track_segment,SEC_C01_07,29.13,29.86,weld_defect,medium,75,2026-09-07,90,track_gang,True,open
TSK-2026-0116,Traction,OHE_span,SEC_C02_01,7.91,8.41,OHE_catenary_wear,medium,87,2026-09-12,120,tower_wagon_crew,True,open
TSK-2026-0117,S&T,signal,SEC_C04_03,7.98,8.17,signal_aspect_bulb_blown,low,67,2026-09-28,30,ST_gang,False,open
TSK-2026-0118,S&T,other,SEC_C03_03,25.08,25.75,level_crossing_boom_sensor_error,high,100,2026-09-30,75,ST_gang,False,open
TSK-2026-0119,Engineering,track_segment,SEC_C04_06,44.68,45.57,track_geometry_defect,low,58,2026-09-13,150,tamping_machine_crew,True,open
TSK-2026-0120,Engineering,track_segment,SEC_C04_05,31.67,31.9,weld_defect,medium,78,2026-08-30,75,track_gang,True,open
TSK-2026-0121,S&T,signal,SEC_C02_06,23.37,24.69,signal_aspect_bulb_blown,high,100,2026-09-10,30,ST_gang,False,completed
TSK-2026-0122,S&T,cable,SEC_C02_08,12.53,13.62,telecom_OFC_attenuation_high,high,53,2026-09-11,105,ST_gang,False,open
TSK-2026-0123,Engineering,track_segment,SEC_C04_08,18.35,19.57,joint_defect,medium,50,2026-09-26,45,track_gang,False,open
TSK-2026-0124,Traction,OHE_span,SEC_C02_02,0.72,1.59,cantilever_misalignment,medium,58,2026-09-10,120,tower_wagon_crew,True,open
TSK-2026-0125,Traction,OHE_span,SEC_C04_08,21.59,23.01,cantilever_misalignment,high,74,2026-10-05,120,tower_wagon_crew,True,in_progress
TSK-2026-0126,Engineering,track_segment,SEC_C02_03,9.07,9.94,joint_defect,high,68,2026-09-16,45,track_gang,False,open
TSK-2026-0127,S&T,point_machine,SEC_C01_01,12.46,13.74,point_machine_failure,high,100,2026-09-03,75,ST_gang,False,open
TSK-2026-0128,Traction,other,SEC_C04_08,1.1,1.95,transformer_bushing_hotspot,medium,85,2026-09-11,135,OHE_gang,False,open
TSK-2026-0129,Engineering,track_segment,SEC_C02_04,2.03,2.26,USFD_flaw_detected,high,100,2026-09-23,135,track_gang,False,in_progress
TSK-2026-0130,S&T,signal,SEC_C03_06,49.14,49.88,track_circuit_glitch,high,98,2026-09-08,45,ST_gang,False,open
TSK-2026-0131,Engineering,track_segment,SEC_C04_01,14.87,15.05,USFD_flaw_detected,critical,100,2026-08-31,135,track_gang,False,open
TSK-2026-0132,Traction,OHE_span,SEC_C01_03,3.42,4.78,isolator_contact_burnt,medium,97,2026-09-07,105,OHE_gang,False,completed
TSK-2026-0133,S&T,point_machine,SEC_C02_04,13.78,14.32,point_machine_failure,low,81,2026-08-30,105,ST_gang,False,completed
TSK-2026-0134,Engineering,track_segment,SEC_C04_01,18.1,18.96,ballast_deficiency,high,67,2026-10-07,135,tamping_machine_crew,True,in_progress
TSK-2026-0135,Engineering,track_segment,SEC_C02_07,17.11,17.69,USFD_flaw_detected,medium,100,2026-09-12,135,track_gang,False,open
TSK-2026-0136,S&T,cable,SEC_C04_08,9.24,10.11,telecom_OFC_attenuation_high,high,52,2026-10-06,105,ST_gang,False,open
TSK-2026-0137,S&T,signal,SEC_C01_06,9.99,10.62,track_circuit_glitch,medium,82,2026-09-25,45,ST_gang,False,open
TSK-2026-0138,Engineering,track_segment,SEC_C04_05,13.74,14.22,turnout_wear,high,89,2026-09-13,105,track_gang,False,open
TSK-2026-0139,Engineering,track_segment,SEC_C03_03,30.99,31.11,weld_defect,medium,76,2026-10-02,90,track_gang,True,completed
TSK-2026-0140,Traction,OHE_span,SEC_C04_01,4.91,5.39,dropper_wire_broken,high,87,2026-08-31,75,OHE_gang,False,open
TSK-2026-0141,Traction,OHE_span,SEC_C03_06,13.26,13.71,isolator_contact_burnt,medium,97,2026-09-29,105,OHE_gang,False,open
TSK-2026-0142,Engineering,track_segment,SEC_C03_04,18.76,19.39,USFD_flaw_detected,low,82,2026-09-09,120,track_gang,False,open
TSK-2026-0143,Traction,OHE_span,SEC_C04_02,44.87,45.38,dropper_wire_broken,medium,77,2026-10-10,90,OHE_gang,False,open
TSK-2026-0144,Engineering,track_segment,SEC_C03_06,6.27,7.16,USFD_flaw_detected,medium,100,2026-09-04,150,track_gang,False,open
TSK-2026-0145,S&T,signal,SEC_C04_05,29.85,31.11,signal_aspect_bulb_blown,critical,100,2026-09-19,45,ST_gang,False,open
TSK-2026-0146,Engineering,track_segment,SEC_C04_04,30.64,30.84,track_geometry_defect,low,57,2026-09-13,165,tamping_machine_crew,True,open
TSK-2026-0147,S&T,signal,SEC_C01_07,37.56,38.58,track_circuit_glitch,high,100,2026-10-03,90,ST_gang,False,completed
TSK-2026-0148,S&T,cable,SEC_C04_04,4.55,4.79,signalling_cable_damaged,high,93,2026-09-10,150,ST_gang,False,open
TSK-2026-0149,Traction,OHE_span,SEC_C03_05,57.77,58.55,dropper_wire_broken,high,86,2026-08-22,75,OHE_gang,False,open
TSK-2026-0150,Traction,OHE_span,SEC_C04_07,11.4,11.64,cantilever_misalignment,medium,59,2026-09-11,75,tower_wagon_crew,True,open
TSK-2026-0151,Engineering,track_segment,SEC_C01_07,33.14,33.47,joint_defect,low,28,2026-09-09,90,track_gang,False,open
TSK-2026-0152,S&T,signal,SEC_C04_02,29.34,29.7,signal_aspect_bulb_blown,medium,91,2026-09-06,75,ST_gang,False,completed
TSK-2026-0153,Traction,OHE_span,SEC_C01_01,20.94,21.33,bird_nest_hazard_OHE,medium,41,2026-09-09,45,OHE_gang,False,open
TSK-2026-0154,Traction,OHE_span,SEC_C04_08,20.71,21.7,contact_wire_height_irregularity,medium,57,2026-09-08,150,tower_wagon_crew,True,open
TSK-2026-0155,Traction,OHE_span,SEC_C01_06,24.29,24.83,contact_wire_height_irregularity,high,64,2026-08-22,150,tower_wagon_crew,True,open
TSK-2026-0156,Traction,OHE_span,SEC_C04_04,7.6,8.59,bird_nest_hazard_OHE,medium,50,2026-09-20,75,OHE_gang,False,open
TSK-2026-0157,Engineering,track_segment,SEC_C03_03,30.22,31.19,track_geometry_defect,low,50,2026-09-10,180,tamping_machine_crew,True,in_progress
TSK-2026-0158,Traction,other,SEC_C04_03,18.18,18.9,transformer_bushing_hotspot,high,100,2026-08-25,135,OHE_gang,False,open
TSK-2026-0159,Engineering,track_segment,SEC_C02_03,48.28,49.17,turnout_wear,medium,79,2026-09-08,135,track_gang,False,open
TSK-2026-0160,S&T,cable,SEC_C01_03,10.15,10.87,signalling_cable_damaged,high,91,2026-08-25,105,ST_gang,False,open
TSK-2026-0161,Traction,OHE_span,SEC_C01_06,16.04,17.53,mast_bonding_missing,medium,33,2026-09-12,75,OHE_gang,False,in_progress
TSK-2026-0162,Engineering,track_segment,SEC_C02_06,39.31,40.54,track_geometry_defect,medium,78,2026-09-09,165,tamping_machine_crew,True,open
TSK-2026-0163,Engineering,track_segment,SEC_C01_07,7.04,8.19,turnout_wear,medium,72,2026-10-12,120,track_gang,False,open
TSK-2026-0164,Engineering,track_segment,SEC_C02_08,13.67,14.72,joint_defect,medium,54,2026-10-05,90,track_gang,False,open
TSK-2026-0165,Engineering,track_segment,SEC_C04_02,24.12,24.61,weld_defect,low,60,2026-09-14,75,track_gang,True,open
TSK-2026-0166,S&T,signal,SEC_C04_06,31.16,32.24,track_circuit_glitch,low,68,2026-09-13,90,ST_gang,False,in_progress
TSK-2026-0167,Engineering,track_segment,SEC_C03_04,12.38,12.66,turnout_wear,low,57,2026-10-09,105,track_gang,False,open
TSK-2026-0168,Traction,other,SEC_C01_02,5.47,6.77,transformer_bushing_hotspot,medium,85,2026-09-28,120,OHE_gang,False,open
TSK-2026-0169,S&T,signal,SEC_C02_03,54.01,55.34,interlocking_relay_chattering,critical,100,2026-09-12,90,ST_gang,False,open
TSK-2026-0170,Engineering,track_segment,SEC_C02_07,9.0,9.23,turnout_wear,critical,100,2026-09-09,150,track_gang,False,open
TSK-2026-0171,Engineering,track_segment,SEC_C01_08,36.07,36.76,joint_defect,high,61,2026-09-08,45,track_gang,False,in_progress
TSK-2026-0172,Engineering,track_segment,SEC_C03_02,5.3,6.48,joint_defect,medium,47,2026-10-06,45,track_gang,False,open
TSK-2026-0173,Traction,OHE_span,SEC_C04_05,13.42,13.82,dropper_wire_broken,medium,76,2026-09-29,45,OHE_gang,False,in_progress
TSK-2026-0174,S&T,signal,SEC_C01_08,21.72,22.36,axle_counter_reset_fault,low,60,2026-09-22,45,ST_gang,False,open
TSK-2026-0175,Engineering,track_segment,SEC_C01_02,34.42,35.44,turnout_wear,high,95,2026-09-21,135,track_gang,False,in_progress
TSK-2026-0176,Traction,OHE_span,SEC_C04_08,15.28,15.72,cantilever_misalignment,medium,53,2026-09-07,105,tower_wagon_crew,True,completed
TSK-2026-0177,Engineering,track_segment,SEC_C03_06,28.2,28.54,USFD_flaw_detected,medium,96,2026-08-20,120,track_gang,False,open
TSK-2026-0178,Engineering,track_segment,SEC_C04_02,23.7,24.68,rail_fracture,medium,96,2026-09-13,120,track_gang,True,open
TSK-2026-0179,Engineering,track_segment,SEC_C01_06,18.6,18.98,turnout_wear,medium,80,2026-09-08,150,track_gang,False,open
TSK-2026-0180,S&T,signal,SEC_C01_04,11.97,13.36,signal_aspect_bulb_blown,critical,100,2026-09-24,45,ST_gang,False,open
TSK-2026-0181,Engineering,track_segment,SEC_C01_01,5.25,6.68,track_geometry_defect,medium,74,2026-08-22,165,tamping_machine_crew,True,in_progress
TSK-2026-0182,S&T,signal,SEC_C01_02,13.9,14.6,track_circuit_glitch,medium,84,2026-10-03,90,ST_gang,False,open
TSK-2026-0183,Traction,OHE_span,SEC_C01_04,23.93,24.82,mast_bonding_missing,high,49,2026-10-03,30,OHE_gang,False,open
TSK-2026-0184,Engineering,track_segment,SEC_C01_01,1.78,3.09,cess_repair,high,47,2026-09-09,75,track_gang,False,open
TSK-2026-0185,Traction,OHE_span,SEC_C02_07,6.87,7.55,bird_nest_hazard_OHE,medium,44,2026-10-03,30,OHE_gang,False,open
TSK-2026-0186,Engineering,track_segment,SEC_C01_03,12.62,12.82,cess_repair,medium,29,2026-09-24,120,track_gang,False,open
TSK-2026-0187,Engineering,track_segment,SEC_C03_01,24.69,25.22,ballast_deficiency,medium,57,2026-09-14,120,tamping_machine_crew,True,completed
TSK-2026-0188,S&T,signal,SEC_C02_02,0.59,1.26,signal_aspect_bulb_blown,high,100,2026-10-07,60,ST_gang,False,in_progress
TSK-2026-0189,Engineering,track_segment,SEC_C03_02,4.14,4.98,USFD_flaw_detected,high,100,2026-09-19,105,track_gang,False,open
TSK-2026-0190,Engineering,track_segment,SEC_C04_03,17.95,18.57,ballast_deficiency,low,31,2026-09-09,150,tamping_machine_crew,True,open
TSK-2026-0191,Engineering,track_segment,SEC_C04_04,25.81,26.09,rail_fracture,high,100,2026-09-27,135,track_gang,True,open
TSK-2026-0192,Engineering,track_segment,SEC_C02_07,1.98,2.36,turnout_wear,medium,81,2026-08-21,150,track_gang,False,open
TSK-2026-0193,Engineering,track_segment,SEC_C03_05,55.87,56.26,weld_defect,high,94,2026-09-17,105,track_gang,True,open
TSK-2026-0194,S&T,point_machine,SEC_C02_06,40.37,40.93,point_machine_failure,critical,100,2026-09-27,105,ST_gang,False,open
TSK-2026-0195,Engineering,track_segment,SEC_C01_02,38.58,39.88,track_geometry_defect,medium,78,2026-09-14,150,tamping_machine_crew,True,open
TSK-2026-0196,Engineering,track_segment,SEC_C02_07,3.09,4.34,rail_fracture,high,100,2026-09-17,135,track_gang,True,open
TSK-2026-0197,S&T,signal,SEC_C01_02,40.39,40.77,track_circuit_glitch,medium,82,2026-08-28,90,ST_gang,False,open
TSK-2026-0198,Engineering,track_segment,SEC_C04_02,23.22,23.86,USFD_flaw_detected,medium,100,2026-09-09,150,track_gang,False,open
TSK-2026-0199,S&T,point_machine,SEC_C02_08,11.7,12.5,point_machine_failure,low,79,2026-08-26,120,ST_gang,False,open
TSK-2026-0200,Engineering,track_segment,SEC_C02_08,11.41,12.63,cess_repair,medium,31,2026-09-26,120,track_gang,False,open
TSK-2026-0201,Engineering,track_segment,SEC_C03_03,14.21,14.56,cess_repair,high,43,2026-08-26,120,track_gang,False,open
TSK-2026-0202,Traction,OHE_span,SEC_C02_03,6.63,7.65,cantilever_misalignment,high,67,2026-09-22,120,tower_wagon_crew,True,open
TSK-2026-0203,Engineering,track_segment,SEC_C02_04,3.88,4.43,track_geometry_defect,medium,75,2026-09-15,165,tamping_machine_crew,True,open
TSK-2026-0204,S&T,signal,SEC_C02_05,29.45,30.68,axle_counter_reset_fault,low,63,2026-09-14,45,ST_gang,False,open
TSK-2026-0205,Engineering,track_segment,SEC_C01_02,21.56,21.66,ballast_deficiency,low,33,2026-09-25,135,tamping_machine_crew,True,open
TSK-2026-0206,Engineering,track_segment,SEC_C02_02,10.88,12.17,track_geometry_defect,low,51,2026-09-13,165,tamping_machine_crew,True,open
TSK-2026-0207,Engineering,track_segment,SEC_C02_03,45.32,46.03,track_geometry_defect,medium,77,2026-09-20,165,tamping_machine_crew,True,open
TSK-2026-0208,Engineering,track_segment,SEC_C04_01,8.48,9.54,track_geometry_defect,high,85,2026-10-03,135,tamping_machine_crew,True,open
TSK-2026-0209,Engineering,track_segment,SEC_C02_07,13.17,13.42,joint_defect,medium,50,2026-09-22,75,track_gang,False,open
TSK-2026-0210,Engineering,track_segment,SEC_C03_04,10.19,10.66,weld_defect,high,91,2026-09-08,75,track_gang,True,in_progress
TSK-2026-0211,Engineering,track_segment,SEC_C02_03,54.63,55.42,USFD_flaw_detected,high,100,2026-09-14,120,track_gang,False,in_progress
TSK-2026-0212,Engineering,track_segment,SEC_C01_03,4.25,4.8,weld_defect,low,56,2026-09-13,75,track_gang,True,open
TSK-2026-0213,Traction,OHE_span,SEC_C03_04,13.39,14.35,isolator_contact_burnt,medium,88,2026-09-09,120,OHE_gang,False,open
TSK-2026-0214,Engineering,track_segment,SEC_C03_04,4.96,5.33,weld_defect,medium,83,2026-09-11,75,track_gang,True,open
TSK-2026-0215,Engineering,track_segment,SEC_C04_08,6.38,6.99,cess_repair,medium,29,2026-10-05,90,track_gang,False,open
TSK-2026-0216,Engineering,track_segment,SEC_C02_03,39.56,41.03,ballast_deficiency,medium,51,2026-09-13,135,tamping_machine_crew,True,open
TSK-2026-0217,Engineering,track_segment,SEC_C04_01,5.31,6.65,cess_repair,high,47,2026-09-01,90,track_gang,False,open
TSK-2026-0218,S&T,point_machine,SEC_C02_02,10.58,11.61,point_machine_failure,critical,100,2026-09-28,90,ST_gang,False,completed
TSK-2026-0219,Traction,OHE_span,SEC_C04_03,24.54,25.6,bird_nest_hazard_OHE,low,29,2026-09-30,75,OHE_gang,False,open
TSK-2026-0220,S&T,point_machine,SEC_C02_02,2.11,3.27,point_machine_failure,high,100,2026-10-10,75,ST_gang,False,open
TSK-2026-0221,Traction,OHE_span,SEC_C02_05,35.01,35.99,bird_nest_hazard_OHE,low,24,2026-09-08,75,OHE_gang,False,open
TSK-2026-0222,Traction,OHE_span,SEC_C04_06,44.8,44.92,contact_wire_height_irregularity,medium,57,2026-09-13,120,tower_wagon_crew,True,open
TSK-2026-0223,Engineering,track_segment,SEC_C01_07,27.62,27.86,weld_defect,high,98,2026-09-28,120,track_gang,True,open
TSK-2026-0224,Traction,other,SEC_C01_03,2.69,3.35,transformer_bushing_hotspot,medium,95,2026-09-16,135,OHE_gang,False,open
TSK-2026-0225,Traction,OHE_span,SEC_C04_07,29.32,30.68,OHE_catenary_wear,critical,100,2026-09-14,105,tower_wagon_crew,True,in_progress
TSK-2026-0226,S&T,signal,SEC_C02_01,4.92,6.06,signal_aspect_bulb_blown,medium,90,2026-09-13,30,ST_gang,False,open
TSK-2026-0227,Engineering,track_segment,SEC_C04_03,18.95,20.11,ballast_deficiency,low,30,2026-09-09,150,tamping_machine_crew,True,open
TSK-2026-0228,Engineering,track_segment,SEC_C01_02,7.45,8.78,cess_repair,high,40,2026-09-14,105,track_gang,False,open
TSK-2026-0229,S&T,signal,SEC_C03_06,42.25,43.06,interlocking_relay_chattering,medium,75,2026-09-22,120,ST_gang,False,open
TSK-2026-0230,Engineering,track_segment,SEC_C03_05,20.26,21.53,sleeper_renewal_needed,high,71,2026-09-13,180,track_gang,True,open
TSK-2026-0231,S&T,signal,SEC_C02_06,13.34,14.01,signal_aspect_bulb_blown,critical,100,2026-08-22,30,ST_gang,False,open
TSK-2026-0232,Engineering,track_segment,SEC_C02_10,24.61,25.24,turnout_wear,high,91,2026-09-11,150,track_gang,False,open
TSK-2026-0233,Traction,OHE_span,SEC_C03_06,28.97,29.9,OHE_catenary_wear,high,100,2026-08-20,135,tower_wagon_crew,True,open
TSK-2026-0234,Traction,OHE_span,SEC_C02_09,30.22,31.65,contact_wire_height_irregularity,medium,51,2026-08-25,150,tower_wagon_crew,True,completed
TSK-2026-0235,Traction,OHE_span,SEC_C01_02,26.72,28.22,dropper_wire_broken,high,91,2026-09-07,60,OHE_gang,False,open
TSK-2026-0236,Engineering,track_segment,SEC_C04_07,28.87,29.91,ballast_deficiency,medium,52,2026-10-02,105,tamping_machine_crew,True,open
TSK-2026-0237,Traction,OHE_span,SEC_C02_04,14.04,15.4,contact_wire_height_irregularity,medium,51,2026-09-11,135,tower_wagon_crew,True,open
TSK-2026-0238,Engineering,track_segment,SEC_C04_06,41.61,42.37,turnout_wear,low,61,2026-09-08,120,track_gang,False,open
TSK-2026-0239,Traction,OHE_span,SEC_C03_02,14.96,16.28,bird_nest_hazard_OHE,high,58,2026-09-14,45,OHE_gang,False,open
TSK-2026-0240,S&T,cable,SEC_C03_04,14.19,14.54,telecom_OFC_attenuation_high,medium,35,2026-09-10,90,ST_gang,False,in_progress
TSK-2026-0241,Traction,OHE_span,SEC_C04_08,30.57,31.76,dropper_wire_broken,high,91,2026-09-27,90,OHE_gang,False,open
TSK-2026-0242,Engineering,track_segment,SEC_C02_05,25.78,27.21,rail_fracture,low,78,2026-08-18,120,track_gang,True,open
TSK-2026-0243,Engineering,track_segment,SEC_C03_02,5.01,5.65,joint_defect,medium,47,2026-08-19,75,track_gang,False,open
TSK-2026-0244,Traction,OHE_span,SEC_C04_04,34.42,35.91,mast_bonding_missing,high,52,2026-09-10,75,OHE_gang,False,open
TSK-2026-0245,Engineering,track_segment,SEC_C02_01,3.6,3.73,ballast_deficiency,medium,51,2026-09-07,135,tamping_machine_crew,True,open
TSK-2026-0246,S&T,point_machine,SEC_C01_04,31.55,32.56,point_machine_failure,critical,100,2026-09-13,105,ST_gang,False,open
TSK-2026-0247,Traction,OHE_span,SEC_C02_06,33.66,34.64,dropper_wire_broken,high,95,2026-09-03,60,OHE_gang,False,open
TSK-2026-0248,Traction,OHE_span,SEC_C01_08,10.68,11.88,isolator_contact_burnt,medium,97,2026-08-26,90,OHE_gang,False,in_progress
TSK-2026-0249,Engineering,track_segment,SEC_C03_01,7.38,8.25,USFD_flaw_detected,low,82,2026-09-07,105,track_gang,False,open
TSK-2026-0250,S&T,cable,SEC_C02_02,13.22,14.41,telecom_OFC_attenuation_high,critical,66,2026-10-05,105,ST_gang,False,open
TSK-2026-0251,Engineering,track_segment,SEC_C01_07,39.7,41.02,rail_fracture,low,75,2026-09-25,105,track_gang,True,open
TSK-2026-0252,Engineering,track_segment,SEC_C01_01,25.21,26.24,rail_fracture,high,100,2026-10-04,105,track_gang,True,open
TSK-2026-0253,Engineering,track_segment,SEC_C02_04,2.13,2.79,joint_defect,medium,51,2026-09-30,60,track_gang,False,in_progress
TSK-2026-0254,Engineering,track_segment,SEC_C02_03,6.85,8.23,rail_fracture,medium,99,2026-09-20,135,track_gang,True,open
TSK-2026-0255,Traction,OHE_span,SEC_C04_07,29.31,29.57,dropper_wire_broken,medium,70,2026-08-28,60,OHE_gang,False,open
TSK-2026-0256,S&T,cable,SEC_C01_07,21.36,22.48,signalling_cable_damaged,medium,80,2026-09-27,105,ST_gang,False,open
TSK-2026-0257,Engineering,track_segment,SEC_C04_07,27.16,28.48,track_geometry_defect,critical,100,2026-09-12,135,tamping_machine_crew,True,completed
TSK-2026-0258,Traction,OHE_span,SEC_C04_02,37.92,38.13,bird_nest_hazard_OHE,medium,49,2026-09-14,30,OHE_gang,False,open
TSK-2026-0259,S&T,point_machine,SEC_C01_07,19.95,20.1,point_machine_failure,medium,93,2026-10-04,90,ST_gang,False,open
TSK-2026-0260,Traction,other,SEC_C03_04,8.38,8.56,transformer_bushing_hotspot,high,100,2026-09-14,135,OHE_gang,False,open
TSK-2026-0261,S&T,signal,SEC_C01_07,37.1,37.51,track_circuit_glitch,high,100,2026-09-24,75,ST_gang,False,open
TSK-2026-0262,S&T,point_machine,SEC_C02_03,30.64,31.89,point_machine_failure,medium,98,2026-09-06,75,ST_gang,False,open
TSK-2026-0263,S&T,other,SEC_C02_06,22.3,23.49,level_crossing_boom_sensor_error,medium,91,2026-09-16,60,ST_gang,False,completed
TSK-2026-0264,S&T,cable,SEC_C04_06,32.3,33.74,telecom_OFC_attenuation_high,high,57,2026-08-19,120,ST_gang,False,open
TSK-2026-0265,S&T,cable,SEC_C02_04,10.39,10.73,telecom_OFC_attenuation_high,medium,36,2026-09-12,120,ST_gang,False,open
TSK-2026-0266,Traction,OHE_span,SEC_C02_10,23.14,23.72,cantilever_misalignment,high,69,2026-09-06,105,tower_wagon_crew,True,open
TSK-2026-0267,S&T,cable,SEC_C02_06,10.08,11.05,signalling_cable_damaged,high,90,2026-09-19,120,ST_gang,False,completed
TSK-2026-0268,Traction,OHE_span,SEC_C01_08,27.89,28.78,mast_bonding_missing,medium,40,2026-10-06,60,OHE_gang,False,in_progress
TSK-2026-0269,S&T,other,SEC_C01_01,15.66,15.8,level_crossing_boom_sensor_error,high,100,2026-08-26,75,ST_gang,False,in_progress
TSK-2026-0270,S&T,signal,SEC_C02_02,11.75,12.82,interlocking_relay_chattering,high,97,2026-09-01,90,ST_gang,False,open
TSK-2026-0271,S&T,other,SEC_C02_08,9.34,10.56,level_crossing_boom_sensor_error,medium,100,2026-08-30,90,ST_gang,False,open
TSK-2026-0272,S&T,point_machine,SEC_C01_01,22.07,22.45,point_machine_failure,low,79,2026-10-05,105,ST_gang,False,open
TSK-2026-0273,S&T,signal,SEC_C02_05,10.68,11.03,signal_aspect_bulb_blown,medium,87,2026-10-08,75,ST_gang,False,open
TSK-2026-0274,Engineering,track_segment,SEC_C02_09,6.39,7.31,turnout_wear,high,92,2026-09-09,135,track_gang,False,open
TSK-2026-0275,Traction,OHE_span,SEC_C04_08,30.75,31.62,contact_wire_height_irregularity,critical,83,2026-09-09,120,tower_wagon_crew,True,open
TSK-2026-0276,Traction,OHE_span,SEC_C01_06,12.87,14.21,bird_nest_hazard_OHE,medium,45,2026-09-10,75,OHE_gang,False,completed
TSK-2026-0277,S&T,point_machine,SEC_C01_08,24.58,25.3,point_machine_failure,low,81,2026-09-22,105,ST_gang,False,completed
TSK-2026-0278,Engineering,track_segment,SEC_C04_01,7.17,8.28,weld_defect,critical,100,2026-09-26,120,track_gang,True,open
TSK-2026-0279,Traction,OHE_span,SEC_C02_05,11.58,11.8,contact_wire_height_irregularity,critical,86,2026-09-08,120,tower_wagon_crew,True,open
TSK-2026-0280,S&T,other,SEC_C01_07,10.41,11.67,level_crossing_boom_sensor_error,low,76,2026-09-17,75,ST_gang,False,in_progress
TSK-2026-0281,Engineering,track_segment,SEC_C01_03,1.61,1.79,joint_defect,medium,53,2026-08-25,90,track_gang,False,completed
TSK-2026-0282,Engineering,track_segment,SEC_C04_04,12.59,13.24,USFD_flaw_detected,critical,100,2026-10-04,105,track_gang,False,open
TSK-2026-0283,S&T,signal,SEC_C03_05,53.77,54.02,track_circuit_glitch,medium,84,2026-09-24,90,ST_gang,False,in_progress
TSK-2026-0284,Engineering,track_segment,SEC_C04_07,5.39,5.8,rail_fracture,medium,98,2026-09-09,135,track_gang,True,open
TSK-2026-0285,S&T,point_machine,SEC_C02_02,2.15,2.26,point_machine_failure,medium,100,2026-09-08,105,ST_gang,False,open
TSK-2026-0286,Engineering,track_segment,SEC_C02_02,2.66,3.07,cess_repair,low,10,2026-09-05,120,track_gang,False,in_progress
TSK-2026-0287,Traction,OHE_span,SEC_C03_01,29.32,29.77,isolator_contact_burnt,high,100,2026-09-12,90,OHE_gang,False,open
TSK-2026-0288,Engineering,track_segment,SEC_C02_05,11.5,12.23,weld_defect,medium,79,2026-09-19,105,track_gang,True,open
TSK-2026-0289,S&T,other,SEC_C02_03,0.8,1.24,level_crossing_boom_sensor_error,high,100,2026-09-12,90,ST_gang,False,open
TSK-2026-0290,S&T,cable,SEC_C04_05,13.7,14.23,telecom_OFC_attenuation_high,medium,37,2026-09-17,90,ST_gang,False,in_progress
TSK-2026-0291,S&T,signal,SEC_C02_09,33.73,34.71,signal_aspect_bulb_blown,medium,85,2026-10-05,75,ST_gang,False,open
TSK-2026-0292,S&T,signal,SEC_C01_03,7.51,8.37,signal_aspect_bulb_blown,low,72,2026-09-19,45,ST_gang,False,open
TSK-2026-0293,S&T,signal,SEC_C02_01,7.33,8.14,interlocking_relay_chattering,high,97,2026-08-25,90,ST_gang,False,in_progress
TSK-2026-0294,S&T,signal,SEC_C04_05,6.36,7.25,axle_counter_reset_fault,medium,77,2026-09-30,45,ST_gang,False,completed
TSK-2026-0295,Engineering,track_segment,SEC_C02_07,1.74,2.36,sleeper_renewal_needed,critical,88,2026-09-12,210,track_gang,True,open
TSK-2026-0296,S&T,point_machine,SEC_C03_03,4.14,5.6,point_machine_failure,medium,96,2026-09-23,90,ST_gang,False,open
TSK-2026-0297,Engineering,track_segment,SEC_C03_06,30.3,31.66,USFD_flaw_detected,critical,100,2026-09-10,135,track_gang,False,open
TSK-2026-0298,S&T,cable,SEC_C04_08,30.86,32.2,signalling_cable_damaged,critical,100,2026-09-10,135,ST_gang,False,open
TSK-2026-0299,Engineering,track_segment,SEC_C02_03,22.67,23.77,track_geometry_defect,critical,100,2026-09-12,180,tamping_machine_crew,True,in_progress
TSK-2026-0300,Traction,other,SEC_C02_06,28.68,29.69,transformer_bushing_hotspot,medium,88,2026-09-05,120,OHE_gang,False,open
TSK-2026-0301,Traction,OHE_span,SEC_C02_02,1.25,1.71,OHE_catenary_wear,high,99,2026-09-07,135,tower_wagon_crew,True,in_progress
TSK-2026-0302,S&T,signal,SEC_C04_05,22.82,23.58,signal_aspect_bulb_blown,medium,88,2026-10-04,45,ST_gang,False,open
TSK-2026-0303,Traction,OHE_span,SEC_C02_03,44.82,45.4,contact_wire_height_irregularity,medium,57,2026-08-30,105,tower_wagon_crew,True,open
TSK-2026-0304,Engineering,track_segment,SEC_C04_03,21.08,22.03,cess_repair,high,49,2026-09-08,90,track_gang,False,open
TSK-2026-0305,S&T,point_machine,SEC_C04_04,20.44,21.06,point_machine_failure,critical,100,2026-09-14,120,ST_gang,False,in_progress
TSK-2026-0306,Engineering,track_segment,SEC_C04_04,5.61,6.38,weld_defect,high,91,2026-09-13,75,track_gang,True,open
TSK-2026-0307,S&T,point_machine,SEC_C01_08,19.21,19.84,point_machine_failure,high,100,2026-09-08,105,ST_gang,False,open
TSK-2026-0308,Engineering,track_segment,SEC_C04_04,22.07,23.03,cess_repair,low,11,2026-09-28,120,track_gang,False,open
TSK-2026-0309,Engineering,track_segment,SEC_C04_07,8.44,8.97,cess_repair,high,46,2026-10-12,75,track_gang,False,in_progress
TSK-2026-0310,S&T,cable,SEC_C02_03,6.64,7.45,telecom_OFC_attenuation_high,medium,43,2026-10-06,90,ST_gang,False,open
TSK-2026-0311,Engineering,track_segment,SEC_C01_06,29.64,30.4,rail_fracture,medium,91,2026-08-25,105,track_gang,True,open
TSK-2026-0312,S&T,other,SEC_C03_01,31.03,31.97,level_crossing_boom_sensor_error,low,72,2026-09-29,90,ST_gang,False,open
TSK-2026-0313,Engineering,track_segment,SEC_C02_07,12.68,13.72,cess_repair,high,50,2026-08-23,105,track_gang,False,open
TSK-2026-0314,S&T,cable,SEC_C04_02,19.07,19.45,signalling_cable_damaged,critical,100,2026-10-02,135,ST_gang,False,open
TSK-2026-0315,Engineering,track_segment,SEC_C02_07,12.51,12.88,turnout_wear,low,61,2026-08-23,105,track_gang,False,open
TSK-2026-0316,Traction,OHE_span,SEC_C03_04,21.05,22.27,contact_wire_height_irregularity,low,36,2026-10-03,150,tower_wagon_crew,True,open
TSK-2026-0317,S&T,cable,SEC_C02_08,13.6,15.05,telecom_OFC_attenuation_high,medium,42,2026-10-12,75,ST_gang,False,open
TSK-2026-0318,Engineering,track_segment,SEC_C02_07,13.9,14.32,USFD_flaw_detected,high,100,2026-09-07,135,track_gang,False,open
TSK-2026-0319,Engineering,track_segment,SEC_C04_02,31.36,32.61,weld_defect,critical,100,2026-09-12,105,track_gang,True,open
TSK-2026-0320,Engineering,track_segment,SEC_C04_08,28.73,29.16,ballast_deficiency,high,69,2026-09-10,135,tamping_machine_crew,True,in_progress
TSK-2026-0321,Engineering,track_segment,SEC_C01_08,33.63,34.68,weld_defect,medium,84,2026-09-04,120,track_gang,True,completed
TSK-2026-0322,Engineering,track_segment,SEC_C04_08,34.9,36.23,joint_defect,medium,49,2026-09-11,60,track_gang,False,open
TSK-2026-0323,Engineering,track_segment,SEC_C04_07,29.91,30.06,USFD_flaw_detected,high,100,2026-09-29,150,track_gang,False,completed
TSK-2026-0324,Engineering,track_segment,SEC_C01_01,20.05,20.68,rail_fracture,critical,100,2026-09-23,135,track_gang,True,open
TSK-2026-0325,Engineering,track_segment,SEC_C03_04,8.44,9.24,sleeper_renewal_needed,high,75,2026-09-13,180,track_gang,True,open
TSK-2026-0326,Traction,OHE_span,SEC_C01_07,35.24,36.47,cantilever_misalignment,medium,58,2026-08-22,75,tower_wagon_crew,True,open
TSK-2026-0327,Engineering,track_segment,SEC_C02_01,15.13,16.42,sleeper_renewal_needed,medium,60,2026-09-24,165,track_gang,True,open
TSK-2026-0328,Engineering,track_segment,SEC_C01_04,10.61,11.07,track_geometry_defect,low,51,2026-09-12,165,tamping_machine_crew,True,open
TSK-2026-0329,Traction,OHE_span,SEC_C03_05,1.64,1.91,contact_wire_height_irregularity,low,37,2026-09-05,120,tower_wagon_crew,True,open
TSK-2026-0330,S&T,signal,SEC_C03_05,19.16,19.97,interlocking_relay_chattering,medium,81,2026-09-27,120,ST_gang,False,open
TSK-2026-0331,Traction,OHE_span,SEC_C02_03,39.7,41.1,dropper_wire_broken,medium,79,2026-09-08,75,OHE_gang,False,open
TSK-2026-0332,Engineering,track_segment,SEC_C03_01,30.98,31.93,joint_defect,high,67,2026-09-26,90,track_gang,False,in_progress
TSK-2026-0333,Traction,OHE_span,SEC_C01_02,5.5,5.93,dropper_wire_broken,high,86,2026-09-13,45,OHE_gang,False,open
TSK-2026-0334,S&T,cable,SEC_C01_04,1.74,2.4,telecom_OFC_attenuation_high,medium,36,2026-09-06,120,ST_gang,False,open
TSK-2026-0335,Engineering,track_segment,SEC_C03_01,19.51,19.79,ballast_deficiency,medium,52,2026-08-29,135,tamping_machine_crew,True,in_progress
TSK-2026-0336,S&T,cable,SEC_C02_10,31.71,32.0,telecom_OFC_attenuation_high,low,23,2026-09-06,120,ST_gang,False,open
TSK-2026-0337,Traction,OHE_span,SEC_C03_05,28.15,28.57,contact_wire_height_irregularity,critical,82,2026-09-11,105,tower_wagon_crew,True,open
TSK-2026-0338,Engineering,track_segment,SEC_C03_05,16.96,17.81,track_geometry_defect,medium,77,2026-09-30,180,tamping_machine_crew,True,open
TSK-2026-0339,S&T,signal,SEC_C01_01,16.4,16.76,signal_aspect_bulb_blown,low,71,2026-09-09,75,ST_gang,False,open
TSK-2026-0340,S&T,signal,SEC_C02_09,4.09,5.07,signal_aspect_bulb_blown,medium,94,2026-10-06,60,ST_gang,False,open
TSK-2026-0341,Traction,OHE_span,SEC_C02_04,2.45,2.7,isolator_contact_burnt,medium,95,2026-09-14,75,OHE_gang,False,open
TSK-2026-0342,Engineering,track_segment,SEC_C01_02,7.94,8.18,cess_repair,high,47,2026-09-22,75,track_gang,False,open
TSK-2026-0343,Traction,OHE_span,SEC_C04_03,8.26,9.48,mast_bonding_missing,low,17,2026-09-16,45,OHE_gang,False,open
TSK-2026-0344,Engineering,track_segment,SEC_C01_05,14.24,14.59,USFD_flaw_detected,low,79,2026-10-11,120,track_gang,False,open
TSK-2026-0345,Engineering,track_segment,SEC_C02_08,13.26,13.41,sleeper_renewal_needed,medium,56,2026-09-10,195,track_gang,True,open
TSK-2026-0346,S&T,signal,SEC_C01_03,9.96,10.83,axle_counter_reset_fault,high,97,2026-09-21,45,ST_gang,False,open
TSK-2026-0347,S&T,signal,SEC_C01_08,8.99,9.7,signal_aspect_bulb_blown,critical,100,2026-09-13,30,ST_gang,False,in_progress
TSK-2026-0348,S&T,cable,SEC_C02_02,5.48,5.71,telecom_OFC_attenuation_high,high,51,2026-09-25,75,ST_gang,False,completed
TSK-2026-0349,Engineering,track_segment,SEC_C01_07,6.56,6.99,track_geometry_defect,low,60,2026-10-10,150,tamping_machine_crew,True,completed
TSK-2026-0350,Engineering,track_segment,SEC_C03_05,42.08,42.53,USFD_flaw_detected,critical,100,2026-09-14,120,track_gang,False,open
TSK-2026-0351,Traction,OHE_span,SEC_C04_06,13.8,15.06,mast_bonding_missing,low,18,2026-09-03,60,OHE_gang,False,open
TSK-2026-0352,S&T,cable,SEC_C04_06,0.53,1.52,signalling_cable_damaged,high,87,2026-10-04,120,ST_gang,False,in_progress
TSK-2026-0353,Engineering,track_segment,SEC_C04_01,5.44,6.5,weld_defect,medium,77,2026-09-25,105,track_gang,True,open
TSK-2026-0354,Engineering,track_segment,SEC_C01_05,1.61,3.02,cess_repair,high,40,2026-09-14,75,track_gang,False,open
TSK-2026-0355,Traction,OHE_span,SEC_C04_08,20.64,21.72,bird_nest_hazard_OHE,high,60,2026-09-08,45,OHE_gang,False,open
TSK-2026-0356,Traction,OHE_span,SEC_C04_06,39.19,39.37,isolator_contact_burnt,medium,94,2026-10-10,105,OHE_gang,False,open
TSK-2026-0357,Traction,OHE_span,SEC_C03_02,3.23,3.63,isolator_contact_burnt,medium,89,2026-10-02,90,OHE_gang,False,open
TSK-2026-0358,Traction,OHE_span,SEC_C02_04,8.49,9.37,cantilever_misalignment,medium,62,2026-09-14,120,tower_wagon_crew,True,open
TSK-2026-0359,S&T,signal,SEC_C02_04,8.36,9.17,axle_counter_reset_fault,medium,83,2026-09-29,75,ST_gang,False,completed
TSK-2026-0360,Traction,OHE_span,SEC_C03_06,21.41,22.4,mast_bonding_missing,low,15,2026-10-03,75,OHE_gang,False,open
TSK-2026-0361,S&T,signal,SEC_C03_06,49.26,49.99,interlocking_relay_chattering,high,89,2026-10-04,90,ST_gang,False,open
TSK-2026-0362,S&T,signal,SEC_C01_01,9.21,9.62,interlocking_relay_chattering,low,54,2026-10-07,90,ST_gang,False,in_progress
TSK-2026-0363,Engineering,track_segment,SEC_C03_05,9.46,9.93,sleeper_renewal_needed,low,38,2026-09-11,210,track_gang,True,open
TSK-2026-0364,Traction,OHE_span,SEC_C01_05,18.81,20.02,cantilever_misalignment,high,76,2026-09-18,105,tower_wagon_crew,True,open
TSK-2026-0365,Engineering,track_segment,SEC_C01_06,28.12,29.51,USFD_flaw_detected,high,100,2026-09-08,120,track_gang,False,in_progress
TSK-2026-0366,S&T,point_machine,SEC_C04_01,1.91,2.74,point_machine_failure,high,100,2026-09-03,90,ST_gang,False,open
TSK-2026-0367,Engineering,track_segment,SEC_C04_05,28.2,29.11,USFD_flaw_detected,critical,100,2026-09-13,135,track_gang,False,open
TSK-2026-0368,Engineering,track_segment,SEC_C04_02,12.53,13.19,rail_fracture,medium,92,2026-09-30,150,track_gang,True,open
TSK-2026-0369,Engineering,track_segment,SEC_C02_08,4.69,5.16,ballast_deficiency,medium,60,2026-09-17,150,tamping_machine_crew,True,open
TSK-2026-0370,Traction,OHE_span,SEC_C02_05,11.6,12.53,mast_bonding_missing,critical,64,2026-08-29,75,OHE_gang,False,open
TSK-2026-0371,Traction,other,SEC_C01_03,12.24,12.67,transformer_bushing_hotspot,medium,87,2026-10-12,105,OHE_gang,False,open
TSK-2026-0372,Engineering,track_segment,SEC_C03_01,1.09,2.16,track_geometry_defect,critical,100,2026-09-12,150,tamping_machine_crew,True,open
TSK-2026-0373,Engineering,track_segment,SEC_C02_09,25.36,26.33,cess_repair,low,15,2026-09-05,75,track_gang,False,completed
TSK-2026-0374,Engineering,track_segment,SEC_C03_01,9.11,10.19,rail_fracture,high,100,2026-09-15,135,track_gang,True,open
TSK-2026-0375,Traction,OHE_span,SEC_C01_07,1.42,2.73,mast_bonding_missing,medium,33,2026-10-01,30,OHE_gang,False,completed
TSK-2026-0376,S&T,cable,SEC_C01_06,7.1,7.9,telecom_OFC_attenuation_high,medium,35,2026-09-03,120,ST_gang,False,open
TSK-2026-0377,Engineering,track_segment,SEC_C01_02,14.37,14.96,track_geometry_defect,medium,73,2026-10-01,135,tamping_machine_crew,True,open
TSK-2026-0378,Traction,OHE_span,SEC_C01_02,38.27,39.7,bird_nest_hazard_OHE,high,60,2026-10-06,75,OHE_gang,False,open
TSK-2026-0379,Traction,OHE_span,SEC_C04_03,6.48,6.79,cantilever_misalignment,low,41,2026-09-09,90,tower_wagon_crew,True,open
TSK-2026-0380,Traction,OHE_span,SEC_C02_01,5.04,6.13,cantilever_misalignment,medium,54,2026-09-09,90,tower_wagon_crew,True,open
TSK-2026-0381,Engineering,track_segment,SEC_C01_08,7.13,8.41,cess_repair,high,40,2026-09-28,105,track_gang,False,completed
TSK-2026-0382,Traction,OHE_span,SEC_C02_02,10.94,11.19,contact_wire_height_irregularity,high,72,2026-10-04,120,tower_wagon_crew,True,open
TSK-2026-0383,Traction,OHE_span,SEC_C01_02,14.87,15.93,cantilever_misalignment,medium,60,2026-09-30,105,tower_wagon_crew,True,open
TSK-2026-0384,Engineering,track_segment,SEC_C04_08,18.65,18.98,USFD_flaw_detected,high,100,2026-09-15,150,track_gang,False,completed
TSK-2026-0385,Engineering,track_segment,SEC_C02_06,3.65,5.05,ballast_deficiency,low,39,2026-09-12,120,tamping_machine_crew,True,in_progress
TSK-2026-0386,Traction,OHE_span,SEC_C04_01,19.23,19.88,OHE_catenary_wear,low,67,2026-09-07,150,tower_wagon_crew,True,open
TSK-2026-0387,Traction,OHE_span,SEC_C02_08,9.47,10.12,OHE_catenary_wear,medium,86,2026-09-07,150,tower_wagon_crew,True,open
TSK-2026-0388,Engineering,track_segment,SEC_C03_01,20.29,20.98,turnout_wear,medium,72,2026-09-19,150,track_gang,False,open
TSK-2026-0389,Engineering,track_segment,SEC_C01_08,6.97,7.89,cess_repair,low,13,2026-08-31,75,track_gang,False,open
TSK-2026-0390,Engineering,track_segment,SEC_C04_06,4.86,5.41,ballast_deficiency,medium,52,2026-09-18,150,tamping_machine_crew,True,open
TSK-2026-0391,Traction,OHE_span,SEC_C04_01,19.4,20.87,isolator_contact_burnt,medium,90,2026-09-13,90,OHE_gang,False,open
TSK-2026-0392,S&T,signal,SEC_C02_03,53.67,54.02,axle_counter_reset_fault,medium,81,2026-09-14,60,ST_gang,False,open
TSK-2026-0393,Engineering,track_segment,SEC_C02_05,0.62,1.79,track_geometry_defect,critical,100,2026-10-02,180,tamping_machine_crew,True,in_progress
TSK-2026-0394,Engineering,track_segment,SEC_C04_06,20.31,20.52,sleeper_renewal_needed,medium,58,2026-09-23,180,track_gang,True,open
TSK-2026-0395,Engineering,track_segment,SEC_C01_04,31.14,31.29,track_geometry_defect,low,60,2026-09-11,135,tamping_machine_crew,True,open
TSK-2026-0396,Engineering,track_segment,SEC_C02_04,2.81,3.31,USFD_flaw_detected,medium,100,2026-09-09,135,track_gang,False,completed
TSK-2026-0397,S&T,signal,SEC_C03_02,11.8,13.16,track_circuit_glitch,low,66,2026-09-17,60,ST_gang,False,open
TSK-2026-0398,Engineering,track_segment,SEC_C03_04,11.94,12.77,turnout_wear,medium,81,2026-09-05,105,track_gang,False,in_progress
TSK-2026-0399,Traction,OHE_span,SEC_C04_04,23.76,24.3,contact_wire_height_irregularity,medium,57,2026-09-09,150,tower_wagon_crew,True,open
TSK-2026-0400,Traction,other,SEC_C04_08,31.45,32.79,transformer_bushing_hotspot,high,100,2026-09-15,150,OHE_gang,False,open
TSK-2026-0401,Traction,OHE_span,SEC_C02_06,38.64,40.14,isolator_contact_burnt,medium,93,2026-09-10,90,OHE_gang,False,open
TSK-2026-0402,Traction,OHE_span,SEC_C01_05,8.29,9.1,contact_wire_height_irregularity,high,63,2026-08-28,105,tower_wagon_crew,True,open
TSK-2026-0403,S&T,signal,SEC_C03_04,18.59,19.98,signal_aspect_bulb_blown,medium,92,2026-10-05,45,ST_gang,False,open
TSK-2026-0404,Traction,OHE_span,SEC_C04_06,38.37,39.05,mast_bonding_missing,medium,38,2026-09-12,30,OHE_gang,False,open
TSK-2026-0405,Engineering,track_segment,SEC_C03_05,4.3,4.61,joint_defect,low,30,2026-10-05,60,track_gang,False,open
TSK-2026-0406,Traction,OHE_span,SEC_C02_04,9.01,10.32,bird_nest_hazard_OHE,medium,45,2026-09-23,75,OHE_gang,False,open
TSK-2026-0407,S&T,cable,SEC_C04_05,31.02,31.54,signalling_cable_damaged,medium,72,2026-08-19,105,ST_gang,False,in_progress
TSK-2026-0408,Traction,OHE_span,SEC_C04_07,28.83,29.15,OHE_catenary_wear,high,100,2026-10-01,135,tower_wagon_crew,True,open
TSK-2026-0409,Engineering,track_segment,SEC_C02_01,3.52,3.67,weld_defect,high,98,2026-08-27,75,track_gang,True,completed
TSK-2026-0410,Engineering,track_segment,SEC_C01_07,25.59,26.61,rail_fracture,high,100,2026-10-05,135,track_gang,True,completed
TSK-2026-0411,Engineering,track_segment,SEC_C02_10,30.79,31.97,turnout_wear,medium,76,2026-08-26,105,track_gang,False,open
TSK-2026-0412,Engineering,track_segment,SEC_C03_03,10.07,11.49,joint_defect,medium,54,2026-09-08,75,track_gang,False,open
TSK-2026-0413,Traction,OHE_span,SEC_C02_01,0.93,2.29,OHE_catenary_wear,critical,100,2026-08-31,150,tower_wagon_crew,True,open
TSK-2026-0414,Traction,OHE_span,SEC_C03_04,18.24,19.34,contact_wire_height_irregularity,medium,56,2026-09-01,105,tower_wagon_crew,True,open
TSK-2026-0415,S&T,cable,SEC_C01_07,22.46,23.52,telecom_OFC_attenuation_high,medium,42,2026-09-10,105,ST_gang,False,open
TSK-2026-0416,S&T,other,SEC_C02_04,10.5,11.53,level_crossing_boom_sensor_error,medium,95,2026-09-07,60,ST_gang,False,open
TSK-2026-0417,Engineering,track_segment,SEC_C02_03,17.77,18.36,sleeper_renewal_needed,medium,63,2026-08-21,165,track_gang,True,open
TSK-2026-0418,S&T,cable,SEC_C04_02,27.55,27.98,telecom_OFC_attenuation_high,high,52,2026-09-27,90,ST_gang,False,open
TSK-2026-0419,S&T,other,SEC_C04_04,22.17,22.75,level_crossing_boom_sensor_error,medium,92,2026-09-17,105,ST_gang,False,in_progress
TSK-2026-0420,Engineering,track_segment,SEC_C03_03,20.09,21.34,sleeper_renewal_needed,high,76,2026-08-21,210,track_gang,True,open
